number,value,params_overbought_level,params_oversold_level,params_rsi_period,user_attrs_annualized_return,user_attrs_final_value,user_attrs_initial_capital,user_attrs_lost_trades,user_attrs_max_drawdown,user_attrs_pnl,user_attrs_pnl_pct,user_attrs_sharpe_ratio,user_attrs_strategy_params,user_attrs_total_return,user_attrs_total_trades,user_attrs_won_trades
0,-4.35851248144272,70,45,14,3.17705558560685e-06,10086.950608037301,10000.0,6,0.7371721324175878,86.95060803730121,0.00869506080373017,-4.35851248144272,"{'rsi_period': 14, 'oversold_level': 45, 'overbought_level': 70}",0.008657476470778667,20,14
1,-2.112712734426358,80,45,18,9.7482875187718e-06,10269.200537727178,10000.0,0,0.8394782889890469,269.200537727178,0.02692005377271789,-2.112712734426358,"{'rsi_period': 18, 'oversold_level': 45, 'overbought_level': 80}",0.026564083488653155,5,4
2,-2.486917522486959,80,45,20,8.705343170384469e-06,10240.056663421867,10000.0,0,0.8418703647732934,240.0566634218667,0.024005666342186593,-2.486917522486959,"{'rsi_period': 20, 'oversold_level': 45, 'overbought_level': 80}",0.023722060139297677,4,3
3,-5.236205129403999,65,50,16,3.817847389750922e-06,10104.579401017765,10000.0,6,0.7382600612489083,104.57940101776512,0.010457940101776586,-5.236205129403999,"{'rsi_period': 16, 'oversold_level': 50, 'overbought_level': 65}",0.010403634137071262,29,23
4,-4.969134396271666,75,35,12,4.549843827678297e-06,10124.755022836338,10000.0,4,0.7344247686292955,124.75502283633796,0.01247550228363381,-4.969134396271666,"{'rsi_period': 12, 'oversold_level': 35, 'overbought_level': 75}",0.012398324430423359,17,13
5,-4.083897792312784,75,40,12,4.977331052979645e-06,10136.556249493173,10000.0,4,0.7335713261810799,136.5562494931728,0.01365562494931738,-4.083897792312784,"{'rsi_period': 12, 'oversold_level': 40, 'overbought_level': 75}",0.01356322711936953,18,14
6,-8.808538586405291,55,40,16,3.473272700034014e-06,10095.095997211809,10000.0,8,0.5175455660606658,95.09599721180894,0.009509599721180928,-8.808538586405291,"{'rsi_period': 16, 'oversold_level': 40, 'overbought_level': 55}",0.009464668107592687,35,27
7,-6.376412424150823,55,50,14,1.3896234855769401e-06,10037.939026959053,10000.0,20,0.6898108117627695,37.93902695905308,0.0037939026959052935,-6.376412424150823,"{'rsi_period': 14, 'oversold_level': 50, 'overbought_level': 55}",0.003786723998197162,72,52
8,-2.440219634814726,75,45,18,9.250318006805079e-06,10255.275022669975,10000.0,1,0.728127509258229,255.27502266997544,0.025527502266997626,-2.440219634814726,"{'rsi_period': 18, 'oversold_level': 45, 'overbought_level': 75}",0.02520711656854384,11,9
9,-2.9779508868944977,80,45,10,7.676926972930956e-06,10211.39975236062,10000.0,2,0.731263382485258,211.39975236061946,0.021139975236061925,-2.9779508868944977,"{'rsi_period': 10, 'oversold_level': 45, 'overbought_level': 80}",0.020919626001236858,17,14
10,-5.0763262939507205,60,50,12,2.5192519265422333e-06,10068.885793623313,10000.0,16,0.6879036975793891,68.88579362331257,0.006888579362331226,-5.0763262939507205,"{'rsi_period': 12, 'oversold_level': 50, 'overbought_level': 60}",0.006864961499827586,62,46
11,-3.8729658536929366,70,50,14,4.676196217614739e-06,10128.241680108273,10000.0,6,0.7381805330072159,128.2416801082727,0.012824168010827197,-3.8729658536929366,"{'rsi_period': 14, 'oversold_level': 50, 'overbought_level': 70}",0.012742634693000163,25,19
12,-2.112712734426358,80,45,18,9.7482875187718e-06,10269.200537727178,10000.0,0,0.8394782889890469,269.200537727178,0.02692005377271789,-2.112712734426358,"{'rsi_period': 18, 'oversold_level': 45, 'overbought_level': 80}",0.026564083488653155,5,4
13,-7.01137148648722,55,40,14,4.125959117441185e-06,10113.066813464704,10000.0,8,0.5169201756615169,113.06681346470396,0.011306681346470393,-7.01137148648722,"{'rsi_period': 14, 'oversold_level': 40, 'overbought_level': 55}",0.01124323859502723,40,32
14,-2.4612696630758917,80,40,16,8.827452716522917e-06,10243.464594012457,10000.0,0,0.8415899444669515,243.46459401245738,0.02434645940124569,-2.4612696630758917,"{'rsi_period': 16, 'oversold_level': 40, 'overbought_level': 80}",0.024054808652524948,5,4
15,-9.148954566658912,60,35,12,3.5433558798958453e-06,10097.024109085785,10000.0,8,0.5085436871721646,97.02410908578531,0.009702410908578596,-9.148954566658912,"{'rsi_period': 12, 'oversold_level': 35, 'overbought_level': 60}",0.009655644772716179,33,25
16,-4.152619432571325,60,50,18,2.201494974752369e-06,10060.171042868289,10000.0,9,0.6869729041861937,60.17104286828908,0.006017104286828889,-4.152619432571325,"{'rsi_period': 18, 'oversold_level': 50, 'overbought_level': 60}",0.005999073806200206,39,30
17,-2.486917522486959,80,45,20,8.705343170384469e-06,10240.056663421867,10000.0,0,0.8418703647732934,240.0566634218667,0.024005666342186593,-2.486917522486959,"{'rsi_period': 20, 'oversold_level': 45, 'overbought_level': 80}",0.023722060139297677,4,3
18,-2.486917522486959,80,45,20,8.705343170384469e-06,10240.056663421867,10000.0,0,0.8418703647732934,240.0566634218667,0.024005666342186593,-2.486917522486959,"{'rsi_period': 20, 'oversold_level': 45, 'overbought_level': 80}",0.023722060139297677,4,3
19,-3.0552485200078983,75,40,18,7.349788184176605e-06,10202.300823618614,10000.0,1,0.7319170898902042,202.30082361861423,0.020230082361861523,-3.0552485200078983,"{'rsi_period': 18, 'oversold_level': 40, 'overbought_level': 75}",0.02002817280188125,10,8
20,-3.0552485200078983,75,40,18,7.349788184176605e-06,10202.300823618614,10000.0,1,0.7319170898902042,202.30082361861423,0.020230082361861523,-3.0552485200078983,"{'rsi_period': 18, 'oversold_level': 40, 'overbought_level': 75}",0.02002817280188125,10,8
21,-3.0552485200078983,75,40,18,7.349788184176605e-06,10202.300823618614,10000.0,1,0.7319170898902042,202.30082361861423,0.020230082361861523,-3.0552485200078983,"{'rsi_period': 18, 'oversold_level': 40, 'overbought_level': 75}",0.02002817280188125,10,8
22,-3.0552485200078983,75,40,18,7.349788184176605e-06,10202.300823618614,10000.0,1,0.7319170898902042,202.30082361861423,0.020230082361861523,-3.0552485200078983,"{'rsi_period': 18, 'oversold_level': 40, 'overbought_level': 75}",0.02002817280188125,10,8
23,-3.0552485200078983,75,40,18,7.349788184176605e-06,10202.300823618614,10000.0,1,0.7319170898902042,202.30082361861423,0.020230082361861523,-3.0552485200078983,"{'rsi_period': 18, 'oversold_level': 40, 'overbought_level': 75}",0.02002817280188125,10,8
24,-3.0552485200078983,75,40,18,7.349788184176605e-06,10202.300823618614,10000.0,1,0.7319170898902042,202.30082361861423,0.020230082361861523,-3.0552485200078983,"{'rsi_period': 18, 'oversold_level': 40, 'overbought_level': 75}",0.02002817280188125,10,8
25,-3.0552485200078983,75,40,18,7.349788184176605e-06,10202.300823618614,10000.0,1,0.7319170898902042,202.30082361861423,0.020230082361861523,-3.0552485200078983,"{'rsi_period': 18, 'oversold_level': 40, 'overbought_level': 75}",0.02002817280188125,10,8
26,-2.440219634814726,75,45,18,9.250318006805079e-06,10255.275022669975,10000.0,1,0.728127509258229,255.27502266997544,0.025527502266997626,-2.440219634814726,"{'rsi_period': 18, 'oversold_level': 45, 'overbought_level': 75}",0.02520711656854384,11,9
27,-2.440219634814726,75,45,18,9.250318006805079e-06,10255.275022669975,10000.0,1,0.728127509258229,255.27502266997544,0.025527502266997626,-2.440219634814726,"{'rsi_period': 18, 'oversold_level': 45, 'overbought_level': 75}",0.02520711656854384,11,9
28,-3.2562853241155727,70,45,20,7.214394849129931e-06,10198.537411281626,10000.0,2,0.7295590917867995,198.5374112816262,0.019853741128162516,-3.2562853241155727,"{'rsi_period': 20, 'oversold_level': 45, 'overbought_level': 70}",0.019659225963879062,14,12
29,-3.2562853241155727,70,45,20,7.214394849129931e-06,10198.537411281626,10000.0,2,0.7295590917867995,198.5374112816262,0.019853741128162516,-3.2562853241155727,"{'rsi_period': 20, 'oversold_level': 45, 'overbought_level': 70}",0.019659225963879062,14,12
30,-3.2562853241155727,70,45,20,7.214394849129931e-06,10198.537411281626,10000.0,2,0.7295590917867995,198.5374112816262,0.019853741128162516,-3.2562853241155727,"{'rsi_period': 20, 'oversold_level': 45, 'overbought_level': 70}",0.019659225963879062,14,12
31,-3.2562853241155727,70,45,20,7.214394849129931e-06,10198.537411281626,10000.0,2,0.7295590917867995,198.5374112816262,0.019853741128162516,-3.2562853241155727,"{'rsi_period': 20, 'oversold_level': 45, 'overbought_level': 70}",0.019659225963879062,14,12
32,-3.2562853241155727,70,45,20,7.214394849129931e-06,10198.537411281626,10000.0,2,0.7295590917867995,198.5374112816262,0.019853741128162516,-3.2562853241155727,"{'rsi_period': 20, 'oversold_level': 45, 'overbought_level': 70}",0.019659225963879062,14,12
33,-2.327407475418937,80,45,16,9.07524338094617e-06,10250.383619811306,10000.0,0,0.841021189261623,250.38361981130583,0.02503836198113052,-2.327407475418937,"{'rsi_period': 16, 'oversold_level': 45, 'overbought_level': 80}",0.02473003821307831,5,4
34,-2.327407475418937,80,45,16,9.07524338094617e-06,10250.383619811306,10000.0,0,0.841021189261623,250.38361981130583,0.02503836198113052,-2.327407475418937,"{'rsi_period': 16, 'oversold_level': 45, 'overbought_level': 80}",0.02473003821307831,5,4
35,-2.327407475418937,80,45,16,9.07524338094617e-06,10250.383619811306,10000.0,0,0.841021189261623,250.38361981130583,0.02503836198113052,-2.327407475418937,"{'rsi_period': 16, 'oversold_level': 45, 'overbought_level': 80}",0.02473003821307831,5,4
36,-2.327407475418937,80,45,16,9.07524338094617e-06,10250.383619811306,10000.0,0,0.841021189261623,250.38361981130583,0.02503836198113052,-2.327407475418937,"{'rsi_period': 16, 'oversold_level': 45, 'overbought_level': 80}",0.02473003821307831,5,4
37,-2.327407475418937,80,45,16,9.07524338094617e-06,10250.383619811306,10000.0,0,0.841021189261623,250.38361981130583,0.02503836198113052,-2.327407475418937,"{'rsi_period': 16, 'oversold_level': 45, 'overbought_level': 80}",0.02473003821307831,5,4
38,-2.327407475418937,80,45,16,9.07524338094617e-06,10250.383619811306,10000.0,0,0.841021189261623,250.38361981130583,0.02503836198113052,-2.327407475418937,"{'rsi_period': 16, 'oversold_level': 45, 'overbought_level': 80}",0.02473003821307831,5,4
39,-2.4002463354982946,80,50,16,8.951016747809675e-06,10246.914272053189,10000.0,0,0.8413062791812499,246.91427205318905,0.024691427205318917,-2.4002463354982946,"{'rsi_period': 16, 'oversold_level': 50, 'overbought_level': 80}",0.024391520637781362,5,4
40,-2.4002463354982946,80,50,16,8.951016747809675e-06,10246.914272053189,10000.0,0,0.8413062791812499,246.91427205318905,0.024691427205318917,-2.4002463354982946,"{'rsi_period': 16, 'oversold_level': 50, 'overbought_level': 80}",0.024391520637781362,5,4
41,-2.4002463354982946,80,50,16,8.951016747809675e-06,10246.914272053189,10000.0,0,0.8413062791812499,246.91427205318905,0.024691427205318917,-2.4002463354982946,"{'rsi_period': 16, 'oversold_level': 50, 'overbought_level': 80}",0.024391520637781362,5,4
42,-6.197442403300364,65,45,14,1.4200866721908328e-06,10038.772332782539,10000.0,8,0.7406795960511032,38.7723327825388,0.0038772332782539554,-6.197442403300364,"{'rsi_period': 14, 'oversold_level': 45, 'overbought_level': 65}",0.003869736181720019,28,20
43,-2.7346807992081907,80,45,14,7.56658399959629e-06,10208.32980325312,10000.0,1,0.7314838106818107,208.3298032531202,0.020832980325312,-2.7346807992081907,"{'rsi_period': 14, 'oversold_level': 45, 'overbought_level': 80}",0.02061894139889989,8,6
44,-6.197442403300364,65,45,14,1.4200866721908328e-06,10038.772332782539,10000.0,8,0.7406795960511032,38.7723327825388,0.0038772332782539554,-6.197442403300364,"{'rsi_period': 14, 'oversold_level': 45, 'overbought_level': 65}",0.003869736181720019,28,20
45,-6.197442403300364,65,45,14,1.4200866721908328e-06,10038.772332782539,10000.0,8,0.7406795960511032,38.7723327825388,0.0038772332782539554,-6.197442403300364,"{'rsi_period': 14, 'oversold_level': 45, 'overbought_level': 65}",0.003869736181720019,28,20
46,-2.7346807992081907,80,45,14,7.56658399959629e-06,10208.32980325312,10000.0,1,0.7314838106818107,208.3298032531202,0.020832980325312,-2.7346807992081907,"{'rsi_period': 14, 'oversold_level': 45, 'overbought_level': 80}",0.02061894139889989,8,6
47,-6.197442403300364,65,45,14,1.4200866721908328e-06,10038.772332782539,10000.0,8,0.7406795960511032,38.7723327825388,0.0038772332782539554,-6.197442403300364,"{'rsi_period': 14, 'oversold_level': 45, 'overbought_level': 65}",0.003869736181720019,28,20
48,-6.197442403300364,65,45,14,1.4200866721908328e-06,10038.772332782539,10000.0,8,0.7406795960511032,38.7723327825388,0.0038772332782539554,-6.197442403300364,"{'rsi_period': 14, 'oversold_level': 45, 'overbought_level': 65}",0.003869736181720019,28,20
49,-6.197442403300364,65,45,14,1.4200866721908328e-06,10038.772332782539,10000.0,8,0.7406795960511032,38.7723327825388,0.0038772332782539554,-6.197442403300364,"{'rsi_period': 14, 'oversold_level': 45, 'overbought_level': 65}",0.003869736181720019,28,20
50,-2.3878354422601995,80,35,16,9.243240749506449e-06,10255.077246202583,10000.0,0,0.8406358029397313,255.0772462025834,0.02550772462025841,-2.3878354422601995,"{'rsi_period': 16, 'oversold_level': 35, 'overbought_level': 80}",0.025187831042405073,5,4
51,-2.3878354422601995,80,35,16,9.243240749506449e-06,10255.077246202583,10000.0,0,0.8406358029397313,255.0772462025834,0.02550772462025841,-2.3878354422601995,"{'rsi_period': 16, 'oversold_level': 35, 'overbought_level': 80}",0.025187831042405073,5,4
52,-2.4002460219123205,80,50,16,8.9510170238317e-06,10246.914279760509,10000.0,0,0.8413062785476945,246.9142797605091,0.02469142797605084,-2.4002460219123205,"{'rsi_period': 16, 'oversold_level': 50, 'overbought_level': 80}",0.02439152138994138,5,4
53,-3.15351603485053,80,50,10,7.651847672523996e-06,10210.701917979919,10000.0,2,0.7313134766560142,210.70191797991902,0.021070191797991855,-3.15351603485053,"{'rsi_period': 10, 'oversold_level': 50, 'overbought_level': 80}",0.02085128490762789,18,15
54,-3.15351603485053,80,50,10,7.651847672523996e-06,10210.701917979919,10000.0,2,0.7313134766560142,210.70191797991902,0.021070191797991855,-3.15351603485053,"{'rsi_period': 10, 'oversold_level': 50, 'overbought_level': 80}",0.02085128490762789,18,15
55,-3.608929179740817,80,35,10,7.1214884703282e-06,10195.955775576238,10000.0,3,0.7323736384025962,195.955775576238,0.019595577557623756,-3.608929179740817,"{'rsi_period': 10, 'oversold_level': 35, 'overbought_level': 80}",0.019406056081644345,13,9
56,-3.15351603485053,80,50,10,7.651847672523996e-06,10210.701917979919,10000.0,2,0.7313134766560142,210.70191797991902,0.021070191797991855,-3.15351603485053,"{'rsi_period': 10, 'oversold_level': 50, 'overbought_level': 80}",0.02085128490762789,18,15
57,-3.608929179740817,80,35,10,7.1214884703282e-06,10195.955775576238,10000.0,3,0.7323736384025962,195.955775576238,0.019595577557623756,-3.608929179740817,"{'rsi_period': 10, 'oversold_level': 35, 'overbought_level': 80}",0.019406056081644345,13,9
58,-2.561725576007,75,45,16,8.709943454738483e-06,10240.185031271394,10000.0,1,0.7292029891571171,240.1850312713941,0.02401850312713938,-2.561725576007,"{'rsi_period': 16, 'oversold_level': 45, 'overbought_level': 75}",0.023734595914162365,12,10
59,-2.561725576007,75,45,16,8.709943454738483e-06,10240.185031271394,10000.0,1,0.7292029891571171,240.1850312713941,0.02401850312713938,-2.561725576007,"{'rsi_period': 16, 'oversold_level': 45, 'overbought_level': 75}",0.023734595914162365,12,10
60,-2.561725576007,75,45,16,8.709943454738483e-06,10240.185031271394,10000.0,1,0.7292029891571171,240.1850312713941,0.02401850312713938,-2.561725576007,"{'rsi_period': 16, 'oversold_level': 45, 'overbought_level': 75}",0.023734595914162365,12,10
61,-2.561725576007,75,45,16,8.709943454738483e-06,10240.185031271394,10000.0,1,0.7292029891571171,240.1850312713941,0.02401850312713938,-2.561725576007,"{'rsi_period': 16, 'oversold_level': 45, 'overbought_level': 75}",0.023734595914162365,12,10
62,-2.561725576007,75,45,16,8.709943454738483e-06,10240.185031271394,10000.0,1,0.7292029891571171,240.1850312713941,0.02401850312713938,-2.561725576007,"{'rsi_period': 16, 'oversold_level': 45, 'overbought_level': 75}",0.023734595914162365,12,10
63,-2.561725576007,75,45,16,8.709943454738483e-06,10240.185031271394,10000.0,1,0.7292029891571171,240.1850312713941,0.02401850312713938,-2.561725576007,"{'rsi_period': 16, 'oversold_level': 45, 'overbought_level': 75}",0.023734595914162365,12,10
64,-2.112712691502167,80,45,18,9.748287069845706e-06,10269.200525164622,10000.0,0,0.8394782900172286,269.2005251646224,0.026920052516462345,-2.112712691502167,"{'rsi_period': 18, 'oversold_level': 45, 'overbought_level': 80}",0.026564082265329546,5,4
65,-2.112712691502167,80,45,18,9.748287069845706e-06,10269.200525164622,10000.0,0,0.8394782900172286,269.2005251646224,0.026920052516462345,-2.112712691502167,"{'rsi_period': 18, 'oversold_level': 45, 'overbought_level': 80}",0.026564082265329546,5,4
66,-2.561725576007,75,45,16,8.709943454738483e-06,10240.185031271394,10000.0,1,0.7292029891571171,240.1850312713941,0.02401850312713938,-2.561725576007,"{'rsi_period': 16, 'oversold_level': 45, 'overbought_level': 75}",0.023734595914162365,12,10
67,-2.112712691502167,80,45,18,9.748287069845706e-06,10269.200525164622,10000.0,0,0.8394782900172286,269.2005251646224,0.026920052516462345,-2.112712691502167,"{'rsi_period': 18, 'oversold_level': 45, 'overbought_level': 80}",0.026564082265329546,5,4
68,-2.112712691502167,80,45,18,9.748287069845706e-06,10269.200525164622,10000.0,0,0.8394782900172286,269.2005251646224,0.026920052516462345,-2.112712691502167,"{'rsi_period': 18, 'oversold_level': 45, 'overbought_level': 80}",0.026564082265329546,5,4
69,-2.112712691502167,80,45,18,9.748287069845706e-06,10269.200525164622,10000.0,0,0.8394782900172286,269.2005251646224,0.026920052516462345,-2.112712691502167,"{'rsi_period': 18, 'oversold_level': 45, 'overbought_level': 80}",0.026564082265329546,5,4
70,-2.112712691502167,80,45,18,9.748287069845706e-06,10269.200525164622,10000.0,0,0.8394782900172286,269.2005251646224,0.026920052516462345,-2.112712691502167,"{'rsi_period': 18, 'oversold_level': 45, 'overbought_level': 80}",0.026564082265329546,5,4
71,-2.112712691502167,80,45,18,9.748287069845706e-06,10269.200525164622,10000.0,0,0.8394782900172286,269.2005251646224,0.026920052516462345,-2.112712691502167,"{'rsi_period': 18, 'oversold_level': 45, 'overbought_level': 80}",0.026564082265329546,5,4
72,-2.112712691502167,80,45,18,9.748287069845706e-06,10269.200525164622,10000.0,0,0.8394782900172286,269.2005251646224,0.026920052516462345,-2.112712691502167,"{'rsi_period': 18, 'oversold_level': 45, 'overbought_level': 80}",0.026564082265329546,5,4
73,-2.112712691502167,80,45,18,9.748287069845706e-06,10269.200525164622,10000.0,0,0.8394782900172286,269.2005251646224,0.026920052516462345,-2.112712691502167,"{'rsi_period': 18, 'oversold_level': 45, 'overbought_level': 80}",0.026564082265329546,5,4
74,-2.112712691502167,80,45,18,9.748287069845706e-06,10269.200525164622,10000.0,0,0.8394782900172286,269.2005251646224,0.026920052516462345,-2.112712691502167,"{'rsi_period': 18, 'oversold_level': 45, 'overbought_level': 80}",0.026564082265329546,5,4
75,-2.112712691502167,80,45,18,9.748287069845706e-06,10269.200525164622,10000.0,0,0.8394782900172286,269.2005251646224,0.026920052516462345,-2.112712691502167,"{'rsi_period': 18, 'oversold_level': 45, 'overbought_level': 80}",0.026564082265329546,5,4
76,-2.112712691502167,80,45,18,9.748287069845706e-06,10269.200525164622,10000.0,0,0.8394782900172286,269.2005251646224,0.026920052516462345,-2.112712691502167,"{'rsi_period': 18, 'oversold_level': 45, 'overbought_level': 80}",0.026564082265329546,5,4
77,-2.112712691502167,80,45,18,9.748287069845706e-06,10269.200525164622,10000.0,0,0.8394782900172286,269.2005251646224,0.026920052516462345,-2.112712691502167,"{'rsi_period': 18, 'oversold_level': 45, 'overbought_level': 80}",0.026564082265329546,5,4
78,-2.112712691502167,80,45,18,9.748287069845706e-06,10269.200525164622,10000.0,0,0.8394782900172286,269.2005251646224,0.026920052516462345,-2.112712691502167,"{'rsi_period': 18, 'oversold_level': 45, 'overbought_level': 80}",0.026564082265329546,5,4
79,-2.112712691502167,80,45,18,9.748287069845706e-06,10269.200525164622,10000.0,0,0.8394782900172286,269.2005251646224,0.026920052516462345,-2.112712691502167,"{'rsi_period': 18, 'oversold_level': 45, 'overbought_level': 80}",0.026564082265329546,5,4
80,-2.112712691502167,80,45,18,9.748287069845706e-06,10269.200525164622,10000.0,0,0.8394782900172286,269.2005251646224,0.026920052516462345,-2.112712691502167,"{'rsi_period': 18, 'oversold_level': 45, 'overbought_level': 80}",0.026564082265329546,5,4
81,-2.112712691502167,80,45,18,9.748287069845706e-06,10269.200525164622,10000.0,0,0.8394782900172286,269.2005251646224,0.026920052516462345,-2.112712691502167,"{'rsi_period': 18, 'oversold_level': 45, 'overbought_level': 80}",0.026564082265329546,5,4
82,-2.112712691502167,80,45,18,9.748287069845706e-06,10269.200525164622,10000.0,0,0.8394782900172286,269.2005251646224,0.026920052516462345,-2.112712691502167,"{'rsi_period': 18, 'oversold_level': 45, 'overbought_level': 80}",0.026564082265329546,5,4
83,-9.882986967981365,55,40,20,2.248949963386014e-06,10061.472056435949,10000.0,7,0.5095473963721303,61.472056435948616,0.006147205643594944,-9.882986967981365,"{'rsi_period': 20, 'oversold_level': 40, 'overbought_level': 55}",0.006128388650226888,25,18
84,-9.12900395951456,60,40,20,1.5320855058113095e-06,10041.836601770221,10000.0,3,0.743549923121403,41.83660177022102,0.004183660177022208,-9.12900395951456,"{'rsi_period': 20, 'oversold_level': 40, 'overbought_level': 60}",0.004174933003335818,20,17
85,-2.4544427326581437,80,40,20,8.952135545253288e-06,10246.945512104377,10000.0,0,0.8413037112012874,246.94551210437749,0.024694551210437732,-2.4544427326581437,"{'rsi_period': 20, 'oversold_level': 40, 'overbought_level': 80}",0.02439456936081521,4,3
86,-9.882986967981365,55,40,20,2.248949963386014e-06,10061.472056435949,10000.0,7,0.5095473963721303,61.472056435948616,0.006147205643594944,-9.882986967981365,"{'rsi_period': 20, 'oversold_level': 40, 'overbought_level': 55}",0.006128388650226888,25,18
87,-2.4544427326581437,80,40,20,8.952135545253288e-06,10246.945512104377,10000.0,0,0.8413037112012874,246.94551210437749,0.024694551210437732,-2.4544427326581437,"{'rsi_period': 20, 'oversold_level': 40, 'overbought_level': 80}",0.02439456936081521,4,3
88,-2.4544427326581437,80,40,20,8.952135545253288e-06,10246.945512104377,10000.0,0,0.8413037112012874,246.94551210437749,0.024694551210437732,-2.4544427326581437,"{'rsi_period': 20, 'oversold_level': 40, 'overbought_level': 80}",0.02439456936081521,4,3
89,-9.882986967981365,55,40,20,2.248949963386014e-06,10061.472056435949,10000.0,7,0.5095473963721303,61.472056435948616,0.006147205643594944,-9.882986967981365,"{'rsi_period': 20, 'oversold_level': 40, 'overbought_level': 55}",0.006128388650226888,25,18
90,-2.4544427326581437,80,40,20,8.952135545253288e-06,10246.945512104377,10000.0,0,0.8413037112012874,246.94551210437749,0.024694551210437732,-2.4544427326581437,"{'rsi_period': 20, 'oversold_level': 40, 'overbought_level': 80}",0.02439456936081521,4,3
91,-2.112712691502167,80,45,18,9.748287069845706e-06,10269.200525164622,10000.0,0,0.8394782900172286,269.2005251646224,0.026920052516462345,-2.112712691502167,"{'rsi_period': 18, 'oversold_level': 45, 'overbought_level': 80}",0.026564082265329546,5,4
92,-2.112712691502167,80,45,18,9.748287069845706e-06,10269.200525164622,10000.0,0,0.8394782900172286,269.2005251646224,0.026920052516462345,-2.112712691502167,"{'rsi_period': 18, 'oversold_level': 45, 'overbought_level': 80}",0.026564082265329546,5,4
93,-2.112712691502167,80,45,18,9.748287069845706e-06,10269.200525164622,10000.0,0,0.8394782900172286,269.2005251646224,0.026920052516462345,-2.112712691502167,"{'rsi_period': 18, 'oversold_level': 45, 'overbought_level': 80}",0.026564082265329546,5,4
94,-2.112712691502167,80,45,18,9.748287069845706e-06,10269.200525164622,10000.0,0,0.8394782900172286,269.2005251646224,0.026920052516462345,-2.112712691502167,"{'rsi_period': 18, 'oversold_level': 45, 'overbought_level': 80}",0.026564082265329546,5,4
95,-2.112712691502167,80,45,18,9.748287069845706e-06,10269.200525164622,10000.0,0,0.8394782900172286,269.2005251646224,0.026920052516462345,-2.112712691502167,"{'rsi_period': 18, 'oversold_level': 45, 'overbought_level': 80}",0.026564082265329546,5,4
96,-2.112712691502167,80,45,18,9.748287069845706e-06,10269.200525164622,10000.0,0,0.8394782900172286,269.2005251646224,0.026920052516462345,-2.112712691502167,"{'rsi_period': 18, 'oversold_level': 45, 'overbought_level': 80}",0.026564082265329546,5,4
97,-2.112712691502167,80,45,18,9.748287069845706e-06,10269.200525164622,10000.0,0,0.8394782900172286,269.2005251646224,0.026920052516462345,-2.112712691502167,"{'rsi_period': 18, 'oversold_level': 45, 'overbought_level': 80}",0.026564082265329546,5,4
98,-2.112712691502167,80,45,18,9.748287069845706e-06,10269.200525164622,10000.0,0,0.8394782900172286,269.2005251646224,0.026920052516462345,-2.112712691502167,"{'rsi_period': 18, 'oversold_level': 45, 'overbought_level': 80}",0.026564082265329546,5,4
99,-2.112712691502167,80,45,18,9.748287069845706e-06,10269.200525164622,10000.0,0,0.8394782900172286,269.2005251646224,0.026920052516462345,-2.112712691502167,"{'rsi_period': 18, 'oversold_level': 45, 'overbought_level': 80}",0.026564082265329546,5,4
100,-2.1127131821302454,80,45,18,9.74828656440068e-06,10269.200511020466,10000.0,0,0.8394782911748564,269.20051102046637,0.02692005110204665,-2.1127131821302454,"{'rsi_period': 18, 'oversold_level': 45, 'overbought_level': 80}",0.026564080887991854,5,4
101,-2.1127131821302454,80,45,18,9.74828656440068e-06,10269.200511020466,10000.0,0,0.8394782911748564,269.20051102046637,0.02692005110204665,-2.1127131821302454,"{'rsi_period': 18, 'oversold_level': 45, 'overbought_level': 80}",0.026564080887991854,5,4
102,-2.1127131821302454,80,45,18,9.74828656440068e-06,10269.200511020466,10000.0,0,0.8394782911748564,269.20051102046637,0.02692005110204665,-2.1127131821302454,"{'rsi_period': 18, 'oversold_level': 45, 'overbought_level': 80}",0.026564080887991854,5,4
103,-2.1127131821302454,80,45,18,9.74828656440068e-06,10269.200511020466,10000.0,0,0.8394782911748564,269.20051102046637,0.02692005110204665,-2.1127131821302454,"{'rsi_period': 18, 'oversold_level': 45, 'overbought_level': 80}",0.026564080887991854,5,4
104,-2.1127131821302454,80,45,18,9.74828656440068e-06,10269.200511020466,10000.0,0,0.8394782911748564,269.20051102046637,0.02692005110204665,-2.1127131821302454,"{'rsi_period': 18, 'oversold_level': 45, 'overbought_level': 80}",0.026564080887991854,5,4
105,-2.1127131821302454,80,45,18,9.74828656440068e-06,10269.200511020466,10000.0,0,0.8394782911748564,269.20051102046637,0.02692005110204665,-2.1127131821302454,"{'rsi_period': 18, 'oversold_level': 45, 'overbought_level': 80}",0.026564080887991854,5,4
106,-2.1127131821302454,80,45,18,9.74828656440068e-06,10269.200511020466,10000.0,0,0.8394782911748564,269.20051102046637,0.02692005110204665,-2.1127131821302454,"{'rsi_period': 18, 'oversold_level': 45, 'overbought_level': 80}",0.026564080887991854,5,4
107,-2.1127131821302454,80,45,18,9.74828656440068e-06,10269.200511020466,10000.0,0,0.8394782911748564,269.20051102046637,0.02692005110204665,-2.1127131821302454,"{'rsi_period': 18, 'oversold_level': 45, 'overbought_level': 80}",0.026564080887991854,5,4
108,-2.1127131821302454,80,45,18,9.74828656440068e-06,10269.200511020466,10000.0,0,0.8394782911748564,269.20051102046637,0.02692005110204665,-2.1127131821302454,"{'rsi_period': 18, 'oversold_level': 45, 'overbought_level': 80}",0.026564080887991854,5,4
109,-2.1127131821302454,80,45,18,9.74828656440068e-06,10269.200511020466,10000.0,0,0.8394782911748564,269.20051102046637,0.02692005110204665,-2.1127131821302454,"{'rsi_period': 18, 'oversold_level': 45, 'overbought_level': 80}",0.026564080887991854,5,4
110,-2.1127131821302454,80,45,18,9.74828656440068e-06,10269.200511020466,10000.0,0,0.8394782911748564,269.20051102046637,0.02692005110204665,-2.1127131821302454,"{'rsi_period': 18, 'oversold_level': 45, 'overbought_level': 80}",0.026564080887991854,5,4
111,-2.440219413962049,75,45,18,9.250312338320375e-06,10255.274864260633,10000.0,1,0.7281275205315819,255.27486426063297,0.025527486426063284,-2.440219413962049,"{'rsi_period': 18, 'oversold_level': 45, 'overbought_level': 75}",0.02520710112192302,11,9
112,-2.1127131821302454,80,45,18,9.74828656440068e-06,10269.200511020466,10000.0,0,0.8394782911748564,269.20051102046637,0.02692005110204665,-2.1127131821302454,"{'rsi_period': 18, 'oversold_level': 45, 'overbought_level': 80}",0.026564080887991854,5,4
113,-2.1127131821302454,80,45,18,9.74828656440068e-06,10269.200511020466,10000.0,0,0.8394782911748564,269.20051102046637,0.02692005110204665,-2.1127131821302454,"{'rsi_period': 18, 'oversold_level': 45, 'overbought_level': 80}",0.026564080887991854,5,4
114,-2.440219413962049,75,45,18,9.250312338320375e-06,10255.274864260633,10000.0,1,0.7281275205315819,255.27486426063297,0.025527486426063284,-2.440219413962049,"{'rsi_period': 18, 'oversold_level': 45, 'overbought_level': 75}",0.02520710112192302,11,9
115,-2.1127131821302454,80,45,18,9.74828656440068e-06,10269.200511020466,10000.0,0,0.8394782911748564,269.20051102046637,0.02692005110204665,-2.1127131821302454,"{'rsi_period': 18, 'oversold_level': 45, 'overbought_level': 80}",0.026564080887991854,5,4
116,-2.1127131821302454,80,45,18,9.74828656440068e-06,10269.200511020466,10000.0,0,0.8394782911748564,269.20051102046637,0.02692005110204665,-2.1127131821302454,"{'rsi_period': 18, 'oversold_level': 45, 'overbought_level': 80}",0.026564080887991854,5,4
117,-2.1127131821302454,80,45,18,9.74828656440068e-06,10269.200511020466,10000.0,0,0.8394782911748564,269.20051102046637,0.02692005110204665,-2.1127131821302454,"{'rsi_period': 18, 'oversold_level': 45, 'overbought_level': 80}",0.026564080887991854,5,4
118,-2.1127131821302454,80,45,18,9.74828656440068e-06,10269.200511020466,10000.0,0,0.8394782911748564,269.20051102046637,0.02692005110204665,-2.1127131821302454,"{'rsi_period': 18, 'oversold_level': 45, 'overbought_level': 80}",0.026564080887991854,5,4
119,-2.1127131821302454,80,45,18,9.74828656440068e-06,10269.200511020466,10000.0,0,0.8394782911748564,269.20051102046637,0.02692005110204665,-2.1127131821302454,"{'rsi_period': 18, 'oversold_level': 45, 'overbought_level': 80}",0.026564080887991854,5,4
120,-2.1127131821302454,80,45,18,9.74828656440068e-06,10269.200511020466,10000.0,0,0.8394782911748564,269.20051102046637,0.02692005110204665,-2.1127131821302454,"{'rsi_period': 18, 'oversold_level': 45, 'overbought_level': 80}",0.026564080887991854,5,4
121,-2.1127131821302454,80,45,18,9.74828656440068e-06,10269.200511020466,10000.0,0,0.8394782911748564,269.20051102046637,0.02692005110204665,-2.1127131821302454,"{'rsi_period': 18, 'oversold_level': 45, 'overbought_level': 80}",0.026564080887991854,5,4
122,-2.1127131821302454,80,45,18,9.74828656440068e-06,10269.200511020466,10000.0,0,0.8394782911748564,269.20051102046637,0.02692005110204665,-2.1127131821302454,"{'rsi_period': 18, 'oversold_level': 45, 'overbought_level': 80}",0.026564080887991854,5,4
123,-2.1127131821302454,80,45,18,9.74828656440068e-06,10269.200511020466,10000.0,0,0.8394782911748564,269.20051102046637,0.02692005110204665,-2.1127131821302454,"{'rsi_period': 18, 'oversold_level': 45, 'overbought_level': 80}",0.026564080887991854,5,4
124,-2.1127131821302454,80,45,18,9.74828656440068e-06,10269.200511020466,10000.0,0,0.8394782911748564,269.20051102046637,0.02692005110204665,-2.1127131821302454,"{'rsi_period': 18, 'oversold_level': 45, 'overbought_level': 80}",0.026564080887991854,5,4
125,-2.1127131821302454,80,45,18,9.74828656440068e-06,10269.200511020466,10000.0,0,0.8394782911748564,269.20051102046637,0.02692005110204665,-2.1127131821302454,"{'rsi_period': 18, 'oversold_level': 45, 'overbought_level': 80}",0.026564080887991854,5,4
126,-2.1127131821302454,80,45,18,9.74828656440068e-06,10269.200511020466,10000.0,0,0.8394782911748564,269.20051102046637,0.02692005110204665,-2.1127131821302454,"{'rsi_period': 18, 'oversold_level': 45, 'overbought_level': 80}",0.026564080887991854,5,4
127,-2.1127131821302454,80,45,18,9.74828656440068e-06,10269.200511020466,10000.0,0,0.8394782911748564,269.20051102046637,0.02692005110204665,-2.1127131821302454,"{'rsi_period': 18, 'oversold_level': 45, 'overbought_level': 80}",0.026564080887991854,5,4
128,-2.1127131821302454,80,45,18,9.74828656440068e-06,10269.200511020466,10000.0,0,0.8394782911748564,269.20051102046637,0.02692005110204665,-2.1127131821302454,"{'rsi_period': 18, 'oversold_level': 45, 'overbought_level': 80}",0.026564080887991854,5,4
129,-2.1127131821302454,80,45,18,9.74828656440068e-06,10269.200511020466,10000.0,0,0.8394782911748564,269.20051102046637,0.02692005110204665,-2.1127131821302454,"{'rsi_period': 18, 'oversold_level': 45, 'overbought_level': 80}",0.026564080887991854,5,4
130,-2.1127131821302454,80,45,18,9.74828656440068e-06,10269.200511020466,10000.0,0,0.8394782911748564,269.20051102046637,0.02692005110204665,-2.1127131821302454,"{'rsi_period': 18, 'oversold_level': 45, 'overbought_level': 80}",0.026564080887991854,5,4
131,-2.1127131821302454,80,45,18,9.74828656440068e-06,10269.200511020466,10000.0,0,0.8394782911748564,269.20051102046637,0.02692005110204665,-2.1127131821302454,"{'rsi_period': 18, 'oversold_level': 45, 'overbought_level': 80}",0.026564080887991854,5,4
132,-2.1127131821302454,80,45,18,9.74828656440068e-06,10269.200511020466,10000.0,0,0.8394782911748564,269.20051102046637,0.02692005110204665,-2.1127131821302454,"{'rsi_period': 18, 'oversold_level': 45, 'overbought_level': 80}",0.026564080887991854,5,4
133,-2.1127131821302454,80,45,18,9.74828656440068e-06,10269.200511020466,10000.0,0,0.8394782911748564,269.20051102046637,0.02692005110204665,-2.1127131821302454,"{'rsi_period': 18, 'oversold_level': 45, 'overbought_level': 80}",0.026564080887991854,5,4
134,-2.1127131821302454,80,45,18,9.74828656440068e-06,10269.200511020466,10000.0,0,0.8394782911748564,269.20051102046637,0.02692005110204665,-2.1127131821302454,"{'rsi_period': 18, 'oversold_level': 45, 'overbought_level': 80}",0.026564080887991854,5,4
135,-2.1127131821302454,80,45,18,9.74828656440068e-06,10269.200511020466,10000.0,0,0.8394782911748564,269.20051102046637,0.02692005110204665,-2.1127131821302454,"{'rsi_period': 18, 'oversold_level': 45, 'overbought_level': 80}",0.026564080887991854,5,4
136,-2.1127131821302454,80,45,18,9.74828656440068e-06,10269.200511020466,10000.0,0,0.8394782911748564,269.20051102046637,0.02692005110204665,-2.1127131821302454,"{'rsi_period': 18, 'oversold_level': 45, 'overbought_level': 80}",0.026564080887991854,5,4
137,-2.1127131821302454,80,45,18,9.74828656440068e-06,10269.200511020466,10000.0,0,0.8394782911748564,269.20051102046637,0.02692005110204665,-2.1127131821302454,"{'rsi_period': 18, 'oversold_level': 45, 'overbought_level': 80}",0.026564080887991854,5,4
138,-2.1127131821302454,80,45,18,9.74828656440068e-06,10269.200511020466,10000.0,0,0.8394782911748564,269.20051102046637,0.02692005110204665,-2.1127131821302454,"{'rsi_period': 18, 'oversold_level': 45, 'overbought_level': 80}",0.026564080887991854,5,4
139,-2.1127131821302454,80,45,18,9.74828656440068e-06,10269.200511020466,10000.0,0,0.8394782911748564,269.20051102046637,0.02692005110204665,-2.1127131821302454,"{'rsi_period': 18, 'oversold_level': 45, 'overbought_level': 80}",0.026564080887991854,5,4
140,-2.932573763169339,80,45,12,7.0098009233146866e-06,10192.853123228744,10000.0,1,0.7325970925582307,192.85312322874415,0.01928531232287445,-2.932573763169339,"{'rsi_period': 12, 'oversold_level': 45, 'overbought_level': 80}",0.01910170751603252,11,9
141,-2.932573763169339,80,45,12,7.0098009233146866e-06,10192.853123228744,10000.0,1,0.7325970925582307,192.85312322874415,0.01928531232287445,-2.932573763169339,"{'rsi_period': 12, 'oversold_level': 45, 'overbought_level': 80}",0.01910170751603252,11,9
142,-2.932573763169339,80,45,12,7.0098009233146866e-06,10192.853123228744,10000.0,1,0.7325970925582307,192.85312322874415,0.01928531232287445,-2.932573763169339,"{'rsi_period': 12, 'oversold_level': 45, 'overbought_level': 80}",0.01910170751603252,11,9
143,-2.1127131821302454,80,45,18,9.74828656440068e-06,10269.200511020466,10000.0,0,0.8394782911748564,269.20051102046637,0.02692005110204665,-2.1127131821302454,"{'rsi_period': 18, 'oversold_level': 45, 'overbought_level': 80}",0.026564080887991854,5,4
144,-2.1127131821302454,80,45,18,9.74828656440068e-06,10269.200511020466,10000.0,0,0.8394782911748564,269.20051102046637,0.02692005110204665,-2.1127131821302454,"{'rsi_period': 18, 'oversold_level': 45, 'overbought_level': 80}",0.026564080887991854,5,4
145,-2.1127131821302454,80,45,18,9.74828656440068e-06,10269.200511020466,10000.0,0,0.8394782911748564,269.20051102046637,0.02692005110204665,-2.1127131821302454,"{'rsi_period': 18, 'oversold_level': 45, 'overbought_level': 80}",0.026564080887991854,5,4
146,-2.1127131821302454,80,45,18,9.74828656440068e-06,10269.200511020466,10000.0,0,0.8394782911748564,269.20051102046637,0.02692005110204665,-2.1127131821302454,"{'rsi_period': 18, 'oversold_level': 45, 'overbought_level': 80}",0.026564080887991854,5,4
147,-2.1127131821302454,80,45,18,9.74828656440068e-06,10269.200511020466,10000.0,0,0.8394782911748564,269.20051102046637,0.02692005110204665,-2.1127131821302454,"{'rsi_period': 18, 'oversold_level': 45, 'overbought_level': 80}",0.026564080887991854,5,4
148,-2.1127131821302454,80,45,18,9.74828656440068e-06,10269.200511020466,10000.0,0,0.8394782911748564,269.20051102046637,0.02692005110204665,-2.1127131821302454,"{'rsi_period': 18, 'oversold_level': 45, 'overbought_level': 80}",0.026564080887991854,5,4
149,-2.1127131821302454,80,45,18,9.74828656440068e-06,10269.200511020466,10000.0,0,0.8394782911748564,269.20051102046637,0.02692005110204665,-2.1127131821302454,"{'rsi_period': 18, 'oversold_level': 45, 'overbought_level': 80}",0.026564080887991854,5,4
